"Product SKU";"Name";"Category";"Wholesale price";"EAN";"Variation";"Variation SKU";"Width";"Height";"Quantity";"Description";"Main image"
"3071-911";"Simple and tasty";"000-Obsolete";"1.96";"3831125012374";"Book - Simple and tasty (IT)";"3071-911-20173";"150";"15";"64";"";"https://zoho-site.com/cdn/img/2086166.jpg"
"2994-911";"TaperiorX";"Hardware";"2.82";"3831125012169";"";"2994-911";"";"";"33553";"TaperiorX - See-through door sealing strip. This tape will stop insects, dust, wind, and water from infiltrating through the door cracks. The tape is beneficial for protecting the sliding and glass doors, door bottom, aluminum windows, and shower room....";"https://zoho-site.com/cdn/img/1659501.jpg"
"2190-911";"Stoppy";"Home";"3.2";"3831125001316";"";"2190-911";"";"";"13967";"Stoppy - Set of 4 anti-slip washers for washing machine. An extremely practical way to prevent vibration and slipping of the washing machine or dryer! Reduce noise and ensure the proper functioning of your devices with this functional set.. Prevents slipping and keeps the washing machine properly aligned. Strong plastic and silicone with anti-slip properties will keep your washing machine in place and due to the intensive work of the centrifuge.. Absorbs annoying noise. The innovative design of the pads successfully absorbs the noise of your devices and furniture. The feet of the device rest on a lattice surface that distributes sounds evenly.. Easier room cleaning. Washers lift the appliances, making the space under the appliances and furniture more accessible. You will simply reach blind spots and pick up dust, debris and water under your device.. A more peaceful dream for your family and pets. The strong suction bottom of the pads will not allow the washing machine to shake and produce an unbearable noise that will wake up your family and disturb your pets.. Long-term use. The production of these pads uses first-class plastic from the automotive industry, which is resistant to wear and frequent use. It is guaranteed to exceed the life of the device it protects..";"https://zoho-site.com/cdn/img/581112.jpg"
"1357-911";"Agytron";"0Promo";"1.68";"3831125015948";"";"1357-911";"80";"90";"9992";"";"https://zoho-site.com/cdn/img/345583.jpg"
"1942-911";"X-look";"Outdoor/Nature";"2.22";"3831125000524";"";"1942-911";"";"";"9795";"X-look - Protective sunglasses. Practical goggles for extra driving protection improve traffic safety.. Driving without disturbing glare from the sun, snow, lighting. Sunglasses with special lenses reduce sun glare, the light of other vehicles and street lighting. They neutralize and darken strong glare making driving more comfortable.. No more tired eyes. Diverting your gaze from the road even for a second can lead to danger. With these glasses, there is no uncomfortable feeling that makes you have to rub your eyes every now and then.. No stress while driving. With goggles designed specifically for driving, there is no more twitching whenever another vehicle meets you. With X-look goggles, you can finally feel safe driving.. They adhere perfectly to the face. Forget about boring and frequent adjustment of glasses. Unlike regular sunglasses, X-look stay in place even on long rides.. Reinforced frame for long-term use. The thickened frame makes these glasses a solid and reliable model that will not be easily damaged..";"https://zoho-site.com/cdn/img/356970.jpg"
"1938-911";"Split Pro";"DIY";"4.54";"3831125001040";"";"1938-911";"";"";"9439";"SplitPro - Wood splitting tool. The economical tool makes it the easiest wood splitter to date. More effective than an ax. There are simpler techniques than chopping wood with an ax. With this innovative tool you will quickly forget about the ancient ways of splitting wood.. No more muscle inflammation. Chopping wood doesn’t have to be hard physical work after which your whole body hurts. No more sweating, exhaustion and calluses on your hands than an ax.. No fear of injury. The wood splitting tool makes you feel safer than when using a dangerous chainsaw or table saw, so splitting wood is no longer stressful.. No additional costs. Three different grips allow easy and quick installation on different types of drills and cordless screwdrivers that everyone has, so there is no need to buy special tools.. You can now use the time for other things. Chopping wood is no longer an all-day job you have to plan and give up your precious time..";"https://zoho-site.com/cdn/img/341820.jpg"
"0270-911";"GoSlimmer Patch";"Beauty";"5.42";"3831125001156";"";"0270-911";"5";"140";"8624";"";"https://zoho-site.com/cdn/img/1079137.jpg"
"2612-911";"DripDrops";"DIY";"2.61";"3831125007721";"";"2612-911";"";"";"6604";"DripDrops - Set of 12 watering tools. A plant watering device with a control valve will adequately water your plants. Your garden will become lusher, houseplants greener, and better vegetable yields.. Enjoy your vacation and leave your plants in safe hands. The plant watering device will take care of plants, vegetables, indoor and outdoor gardens, even when you are not around. By setting the proper water flow it will keep the plants fresh.. You will not forget to water the plants. In this set, you will get 12 automatic plant watering devices that you can place on multiple places and multiple plants. You will be taking care of all of them without forgetting to water some of them.. Quick installation in just 10 seconds. No need to drill or cut holes at bottom of the bottle. Just place the fixator on the bottle, then turn the bottle upside down!. Provides a long-time usage. The automatic plant waterer is made of high-quality PP plastic and you can use it repeatedly because each irrigation dripper ensures long service life.. Control the power of spraying water. With the integrated attachment, you will be able to fully control the amount and speed of water drop according to the plant's needs..";"https://zoho-site.com/cdn/img/1273903.jpg"
"2536-911";"Foldix";"Mobile";"1.8";"3831125003570";"";"2536-911";"";"";"6451";"Foldix - Foldable phone stand. Make everyday life easier. The universal, foldable, and portable stand allows convenient use of the phone or tablet while doing anything. Material: PC, silicone . Liberate your hands. Smartphones and tablets can be placed on the phone stand firmly. You can liberate your hands to enjoy video calls with family or friends, to make a record in a video conference, or to have a snack while watching videos.. Adjustable height and angle. The phone holder can adjust according to your needs. It allows you to customize the angle of your device flexibly to find the most comfortable watching angle.. A more comfortable way to use the phone. You no longer have to look at the phone from awkward angles and tire your hands. Enjoy watching videos on your device, without bending your neck and tiring your hands.. Ideal for all phones. Universal phone stand suitable for iPhone and Android smartphones. Your mobile phone or tablet will stand on the holder without slipping or falling.. Fully foldable to pocket size. Take it anywhere. This phone stand can be fully folded into pocket size. Easy to carry it in your pocket, bag, on travel, or business trips..";"https://zoho-site.com/cdn/img/1029379.jpg"
"1730-911";"Aureas";"Bracelet";"2.04";"3831125000395";"";"1730-911";"";"";"6293";"Aureas - Energized bracelet with powerful symbols. A beautiful bracelet in which shades of gold and black flow, energized by powerful symbols for attracting happiness. Strong energy action. The attractive bracelet is energized with oriental symbols and natural stone beads that will help you turn the energy action to your advantage.. Bring luck to your side. Help your happiness to reach you by wearing a bracelet decorated with ancient symbols to invoke happiness and progress.. The powerful figurine of Pixia creatures attracts well-being. The bracelet is adorned with a figurine of the Pixiu creature that has been used for thousands of years as an amulet to attract financial well-being.. Very popular with business people. This bracelet is also popular with those who do not normally wear jewelry. It is gladly worn by business people as an amulet for business success.. Protect yourself from negative energy. Surround yourself with positive energy and reject the negative effects of the external environment in your daily challenges..";"https://zoho-site.com/cdn/img/87713.jpg"
"2998-911";"Exolium";"Car";"6.44";"3831125012749";"";"2998-911";"";"";"5346";"Exolium - Motor oil pump. The powerful electric pump you can use for different liquids, including diesel oil, motor oil, heating oil and water! This pump is perfect for a motor oil change, transfer of liquids between tanks as well as extracting water from medium and small size fish tanks. Anyone can use it. Now you can change motor oil, transfer liquids or empty a water tank with a single push of a button. Simply connect the motor oil pump to power source, and it can continuously pump for 20 minutes.. Use it whenever and wherever. The motor oil extractor is compatible with 12V car power and can be connected to car`s battery. This allows you to use it anywhere you need it.. Designed to be used in liquids. The durable filter net never rusts and the detachable screw adapter allows for cleaning the filter easily. The pump can be safely immersed into water or motor oil.. Practical and easily storable pump. With just 20 cm length, always have this pump in your tool box or car's trunk. Portable and easy to carry around your garden, pools, repair shops or fields.. Useful in unexpected situations. For emergency change of liquids such as draining a flooded tanks or basements and much more! This multi-functional pump comes handy in many situation..";"https://zoho-site.com/cdn/img/1721194.jpg"
"1817-911";"Rivelo";"DIY";"9.02";"3831125000449";"";"1817-911";"";"";"4976";"Rivet adapter Rivelo. Transform an ordinary drill into a powerful riveting tool with a simple accessory that will make it easier for you to set rivets and save on the purchase of a new tool!. The easiest way to install rivets and join metal materials. Ensure a durable and quality connection of two metal plates with a super useful tool in just a few seconds.. Fits any drill. The adapter is designed to be easily mounted on any drill and instantly transforms it into a powerful riveting tool.. Gives fast results. Using the power of an electric drill, this useful adapter quickly places rivets on even the hardest metal.. For all types of rivets. Thanks to its design, it facilitates and accelerates the riveting of rivets of various shapes and sizes.. Top quality. Made of quality and durable material, it will serve you for years if you use it properly..";"https://zoho-site.com/cdn/img/138834.jpg"
"3106-911";"Neonato";"Hardware";"10.51";"3831125014132";"";"3106-911";"";"";"4620";"Neonato – Powerful mini portable heater. Keep yourself warm enough during the winter with the compact electric heater that takes minimum space and you can use it at home, in the office, garage, and any other indoor space. Material: ABS. Constant, cozy heating. With intelligent temperature control, now you can avoid temperature fluctuations from cold to very warm. This heater provides even heating and slow hot air blowing that won’t disturb you.. Energy efficient heater saves you money. Do not waste money on excessive electricity bills during the cold seasons. This heater will consume minimal energy and especially help you warm up in rooms with poor insulation.. Bring this heater anywhere. You can use this heater in your office, garage, camper van, and on travels. It can be put on a table, under a desk, or on a countertop, for it is very small and compact.. It is set up in a minute. Plug the mini heater into the wall`s power outlet, choose one of two levels of temperature adjustment and enjoy the cozy room climate.. Use it for years. It is made of durable, fireproof materials and can last for decades. The contemporary design will blend well with any interior..";"https://zoho-site.com/cdn/img/1873845.jpg"
"2386-911";"Triell";"Shoes";"7.69";"3831125006038";"Size - 36 - 37";"2386-911-17959";"";"";"901";"Triell – Comfortable slippers. Irresistible and extremely soft slippers that will make moments at home warm, cheerful and maximally comfortable after wearing standard shoes all day long. Materials: Upper - polyester; Insole - polyester; Sole – thermoplastic rubber (70% polyester, 30 % thermoplastic rubber). Comfort, warmth and a feeling of softness. Enjoy the relaxing feeling of softness and warmth that these unusual house slippers will give you.. Relaxing feeling on the feet after heavy footwear. After a day spent walking around in heavy shoes or heeled shoes, wearing these slippers will feel like a rest to your feet. It feels like walking on a finest beach sand.. Chic and elegant slippers design. This model is proof that slippers can be ladylike and chic. Put them on and feel like a lady while you do house chores.. Dry feet in a few seconds. Fluffy and absorbent insole materials make your feet dry in an instant. They will be your perfect companion to a pool, spa or seaside.. No slipping or falling. Anti-slip soles provide maximum stability. You will wear them while doing house chores or tending to the plants in your garden..";"https://zoho-site.com/cdn/img/731055.jpg"
"2386-911";"Triell";"Shoes";"7.69";"3831125006045";"Size - 38 - 39";"2386-911-17960";"";"";"1636";"Triell – Comfortable slippers. Irresistible and extremely soft slippers that will make moments at home warm, cheerful and maximally comfortable after wearing standard shoes all day long. Materials: Upper - polyester; Insole - polyester; Sole – thermoplastic rubber (70% polyester, 30 % thermoplastic rubber). Comfort, warmth and a feeling of softness. Enjoy the relaxing feeling of softness and warmth that these unusual house slippers will give you.. Relaxing feeling on the feet after heavy footwear. After a day spent walking around in heavy shoes or heeled shoes, wearing these slippers will feel like a rest to your feet. It feels like walking on a finest beach sand.. Chic and elegant slippers design. This model is proof that slippers can be ladylike and chic. Put them on and feel like a lady while you do house chores.. Dry feet in a few seconds. Fluffy and absorbent insole materials make your feet dry in an instant. They will be your perfect companion to a pool, spa or seaside.. No slipping or falling. Anti-slip soles provide maximum stability. You will wear them while doing house chores or tending to the plants in your garden..";"https://zoho-site.com/cdn/img/731055.jpg"
"2386-911";"Triell";"Shoes";"7.69";"3831125006052";"Size - 40 – 41";"2386-911-17961";"";"";"1494";"Triell – Comfortable slippers. Irresistible and extremely soft slippers that will make moments at home warm, cheerful and maximally comfortable after wearing standard shoes all day long. Materials: Upper - polyester; Insole - polyester; Sole – thermoplastic rubber (70% polyester, 30 % thermoplastic rubber). Comfort, warmth and a feeling of softness. Enjoy the relaxing feeling of softness and warmth that these unusual house slippers will give you.. Relaxing feeling on the feet after heavy footwear. After a day spent walking around in heavy shoes or heeled shoes, wearing these slippers will feel like a rest to your feet. It feels like walking on a finest beach sand.. Chic and elegant slippers design. This model is proof that slippers can be ladylike and chic. Put them on and feel like a lady while you do house chores.. Dry feet in a few seconds. Fluffy and absorbent insole materials make your feet dry in an instant. They will be your perfect companion to a pool, spa or seaside.. No slipping or falling. Anti-slip soles provide maximum stability. You will wear them while doing house chores or tending to the plants in your garden..";"https://zoho-site.com/cdn/img/731055.jpg"
"2386-911";"Triell";"Shoes";"7.69";"3831125006069";"Size - 42 - 43";"2386-911-17962";"";"";"550";"Triell – Comfortable slippers. Irresistible and extremely soft slippers that will make moments at home warm, cheerful and maximally comfortable after wearing standard shoes all day long. Materials: Upper - polyester; Insole - polyester; Sole – thermoplastic rubber (70% polyester, 30 % thermoplastic rubber). Comfort, warmth and a feeling of softness. Enjoy the relaxing feeling of softness and warmth that these unusual house slippers will give you.. Relaxing feeling on the feet after heavy footwear. After a day spent walking around in heavy shoes or heeled shoes, wearing these slippers will feel like a rest to your feet. It feels like walking on a finest beach sand.. Chic and elegant slippers design. This model is proof that slippers can be ladylike and chic. Put them on and feel like a lady while you do house chores.. Dry feet in a few seconds. Fluffy and absorbent insole materials make your feet dry in an instant. They will be your perfect companion to a pool, spa or seaside.. No slipping or falling. Anti-slip soles provide maximum stability. You will wear them while doing house chores or tending to the plants in your garden..";"https://zoho-site.com/cdn/img/731055.jpg"
"2115-911";"Tapelo";"Kitchen";"2.13";"3831125001538";"Colour - White";"2115-911-17238";"";"";"3331";"Tapelo - self-adhesive kitchen tape. It keeps water droplets and other liquids on the surface and protects your home from moisture and fungi.. The secret of successful home builders. This waterproof sealing tape is the secret of all home builders. An easy and fast way to keep your kitchen and bathroom free of debris and unevenness and keep their shine.. Effective protection of all surfaces. Unlike other traditional PVC tapes, Tapelo has a much greater ability to bond and adhere. Just coat any crack once and the problem is solved.. Use it all over the home. It is perfect for sealing the edges of gas stoves, sinks, sinks, bathtubs and walls. You can also use it to patch cracks between windows, doors, or on the back of an aquarium.. Adheres to all materials. Whether it is a glass, wooden, metal, plastic or plate surface, you will be able to glue this tape anywhere without any problems.. Super easy installation. It is flexible and breaks at 90 ° and is adaptable to all angles, so you can cut it as needed. Simply peel the protective film off the tape and stick it to a clean and dry surface..";"https://zoho-site.com/cdn/img/487733.jpg"
"2115-911";"Tapelo";"Kitchen";"2.13";"3831125013838";"Colour - Brown";"2115-911-18911";"";"";"466";"Tapelo - self-adhesive kitchen tape. It keeps water droplets and other liquids on the surface and protects your home from moisture and fungi.. The secret of successful home builders. This waterproof sealing tape is the secret of all home builders. An easy and fast way to keep your kitchen and bathroom free of debris and unevenness and keep their shine.. Effective protection of all surfaces. Unlike other traditional PVC tapes, Tapelo has a much greater ability to bond and adhere. Just coat any crack once and the problem is solved.. Use it all over the home. It is perfect for sealing the edges of gas stoves, sinks, sinks, bathtubs and walls. You can also use it to patch cracks between windows, doors, or on the back of an aquarium.. Adheres to all materials. Whether it is a glass, wooden, metal, plastic or plate surface, you will be able to glue this tape anywhere without any problems.. Super easy installation. It is flexible and breaks at 90 ° and is adaptable to all angles, so you can cut it as needed. Simply peel the protective film off the tape and stick it to a clean and dry surface..";"https://zoho-site.com/cdn/img/487733.jpg"
"2115-911";"Tapelo";"Kitchen";"2.13";"3831125013845";"Colour - Beige";"2115-911-18912";"";"";"354";"Tapelo - self-adhesive kitchen tape. It keeps water droplets and other liquids on the surface and protects your home from moisture and fungi.. The secret of successful home builders. This waterproof sealing tape is the secret of all home builders. An easy and fast way to keep your kitchen and bathroom free of debris and unevenness and keep their shine.. Effective protection of all surfaces. Unlike other traditional PVC tapes, Tapelo has a much greater ability to bond and adhere. Just coat any crack once and the problem is solved.. Use it all over the home. It is perfect for sealing the edges of gas stoves, sinks, sinks, bathtubs and walls. You can also use it to patch cracks between windows, doors, or on the back of an aquarium.. Adheres to all materials. Whether it is a glass, wooden, metal, plastic or plate surface, you will be able to glue this tape anywhere without any problems.. Super easy installation. It is flexible and breaks at 90 ° and is adaptable to all angles, so you can cut it as needed. Simply peel the protective film off the tape and stick it to a clean and dry surface..";"https://zoho-site.com/cdn/img/487733.jpg"
"2115-911";"Tapelo";"Kitchen";"2.13";"3831125013852";"Colour - Gray";"2115-911-18913";"";"";"394";"Tapelo - self-adhesive kitchen tape. It keeps water droplets and other liquids on the surface and protects your home from moisture and fungi.. The secret of successful home builders. This waterproof sealing tape is the secret of all home builders. An easy and fast way to keep your kitchen and bathroom free of debris and unevenness and keep their shine.. Effective protection of all surfaces. Unlike other traditional PVC tapes, Tapelo has a much greater ability to bond and adhere. Just coat any crack once and the problem is solved.. Use it all over the home. It is perfect for sealing the edges of gas stoves, sinks, sinks, bathtubs and walls. You can also use it to patch cracks between windows, doors, or on the back of an aquarium.. Adheres to all materials. Whether it is a glass, wooden, metal, plastic or plate surface, you will be able to glue this tape anywhere without any problems.. Super easy installation. It is flexible and breaks at 90 ° and is adaptable to all angles, so you can cut it as needed. Simply peel the protective film off the tape and stick it to a clean and dry surface..";"https://zoho-site.com/cdn/img/487733.jpg"
"2526-911";"StandAlone";"Gadget";"1.68";"3831125003501";"";"2526-911";"";"";"4413";"StandAlone – A wall phone stand. Perfect addition for your office, room, and living room. This wall-mount phone stand provides security for your phone while charging or when not in use.. Multifunctional use. Mount it on the wall in your living room to store remote controllers and charging cables or in the bathroom to store beauty products. Practical wall mount will meet your needs for organization.. Hang easily your most used things. It has hooks on the sides for cables, headphones, keychains, and watches. You will be able to just grab your things and run out the door, without wasting time.. Use your phone hands-free. Place your phone in this handy stand and listen to an audio or talk to your loved ones while cooking or doing other things. It will sit safely inside the holder, no risk of falling out or getting damaged.. Does not fall off. The wall stand is made of strong and durable high-quality material that adheres firmly to the wall. It will stay attached to the wall thanks to the double-sided adhesive tape.. You will never again look for your charger. This small (9.5 x 3 x 10 cm) addition will significantly help in organizing things. You will always know where charger, keys, and other things you can store here are..";"https://zoho-site.com/cdn/img/1495724.jpg"
"1633-911";"NailPro";"Beauty";"2.49";"3831125002641";"";"1633-911";"";"";"4228";"Nail polish NailPro. A natural formula created to strengthen your nails and keep them firm and healthy, especially during dishwashing, excessive use of varnish and bad weather!. Shiny nails regardless of the challenges that everyday life poses to them!. Ideal nail care that you can apply at home, on summer, winter… One bottle contains all the necessary vitamins that nourish and strengthen nails and prevent them from peeling and cracking.. STRENGTHENS THE NAIL STRUCTURE. In addition to preventing and removing yellowness from the nail, the diamond microparticles in the composition of this conditioner penetrate deep into the nail plate and recover and strengthen even the most treated nails.. EASY TO APPLY AND QUICK DRYING. Lotions, balms and nail creams, which are rubbed in, leave hands greasy and are washed off immediately at the first hand wash. Our diamond conditioner is easy to apply with a brush, just like nail polish, and dries quickly!. PREVENTS YELLOW NAILS. A product that can be used on its own to speed up the recovery of bad nails or as a base, ie protection against jaundice before applying colored nail polish, nail gel, permanent nail polish.. PROTECTS AND HYDRATES NAILS. Immediately after applying the conditioner, a layer is formed that maintains the normal moisture of the nails and does not allow external factors and aggressive varnishes to harm them..";"https://zoho-site.com/cdn/img/166028.jpg"
"2007-911";"Siena";"Hat";"7.65";"3831125008018";"Colour - Beige";"2007-911-16789";"";"";"1786";"Elegant summer hat Siena. A modern straw hat combines comfortable wearing and an attractive look for walking the hot summer streets or sunbathing on vacation.. Modern and complete protection from the sun's rays. The clever design provides excellent sun protection without disturbing your field of vision! It is also modern, practical and functional.. A trendy hat that suits everyone. Get ready for sunny days with this cool and quality hat! The unusual and trendy look of the hat will perfectly fit any face shape.. It adapts to each head. The hat is adjustable in size to fit any head circumference. It is easily and quickly adjusted with a rubber that is not visible during wearing.. Suitable for all outfits. It is ideal for walks on the sea and swimming on the beach. The romantic bow on the back gives it a more refined look, making it suitable for more elegant combinations as well.. Superior sun protection. A must-have fashion accessory is the best and most effective sun protection. The wide brim blocks the sun’s rays protecting your face and neck..";"https://zoho-site.com/cdn/img/413699.jpg"
"2007-911";"Siena";"Hat";"7.65";"3831125008025";"Colour - Pink";"2007-911-16790";"";"";"326";"Elegant summer hat Siena. A modern straw hat combines comfortable wearing and an attractive look for walking the hot summer streets or sunbathing on vacation.. Modern and complete protection from the sun's rays. The clever design provides excellent sun protection without disturbing your field of vision! It is also modern, practical and functional.. A trendy hat that suits everyone. Get ready for sunny days with this cool and quality hat! The unusual and trendy look of the hat will perfectly fit any face shape.. It adapts to each head. The hat is adjustable in size to fit any head circumference. It is easily and quickly adjusted with a rubber that is not visible during wearing.. Suitable for all outfits. It is ideal for walks on the sea and swimming on the beach. The romantic bow on the back gives it a more refined look, making it suitable for more elegant combinations as well.. Superior sun protection. A must-have fashion accessory is the best and most effective sun protection. The wide brim blocks the sun’s rays protecting your face and neck..";"https://zoho-site.com/cdn/img/413699.jpg"
"2007-911";"Siena";"Hat";"7.65";"3831125008032";"Colour - Light pink";"2007-911-16791";"";"";"259";"Elegant summer hat Siena. A modern straw hat combines comfortable wearing and an attractive look for walking the hot summer streets or sunbathing on vacation.. Modern and complete protection from the sun's rays. The clever design provides excellent sun protection without disturbing your field of vision! It is also modern, practical and functional.. A trendy hat that suits everyone. Get ready for sunny days with this cool and quality hat! The unusual and trendy look of the hat will perfectly fit any face shape.. It adapts to each head. The hat is adjustable in size to fit any head circumference. It is easily and quickly adjusted with a rubber that is not visible during wearing.. Suitable for all outfits. It is ideal for walks on the sea and swimming on the beach. The romantic bow on the back gives it a more refined look, making it suitable for more elegant combinations as well.. Superior sun protection. A must-have fashion accessory is the best and most effective sun protection. The wide brim blocks the sun’s rays protecting your face and neck..";"https://zoho-site.com/cdn/img/413699.jpg"
"2007-911";"Siena";"Hat";"7.65";"3831125008049";"Colour - Dark blonde";"2007-911-16792";"";"";"502";"Elegant summer hat Siena. A modern straw hat combines comfortable wearing and an attractive look for walking the hot summer streets or sunbathing on vacation.. Modern and complete protection from the sun's rays. The clever design provides excellent sun protection without disturbing your field of vision! It is also modern, practical and functional.. A trendy hat that suits everyone. Get ready for sunny days with this cool and quality hat! The unusual and trendy look of the hat will perfectly fit any face shape.. It adapts to each head. The hat is adjustable in size to fit any head circumference. It is easily and quickly adjusted with a rubber that is not visible during wearing.. Suitable for all outfits. It is ideal for walks on the sea and swimming on the beach. The romantic bow on the back gives it a more refined look, making it suitable for more elegant combinations as well.. Superior sun protection. A must-have fashion accessory is the best and most effective sun protection. The wide brim blocks the sun’s rays protecting your face and neck..";"https://zoho-site.com/cdn/img/413699.jpg"
"2007-911";"Siena";"Hat";"7.65";"3831125008056";"Colour - Brown";"2007-911-16793";"";"";"259";"Elegant summer hat Siena. A modern straw hat combines comfortable wearing and an attractive look for walking the hot summer streets or sunbathing on vacation.. Modern and complete protection from the sun's rays. The clever design provides excellent sun protection without disturbing your field of vision! It is also modern, practical and functional.. A trendy hat that suits everyone. Get ready for sunny days with this cool and quality hat! The unusual and trendy look of the hat will perfectly fit any face shape.. It adapts to each head. The hat is adjustable in size to fit any head circumference. It is easily and quickly adjusted with a rubber that is not visible during wearing.. Suitable for all outfits. It is ideal for walks on the sea and swimming on the beach. The romantic bow on the back gives it a more refined look, making it suitable for more elegant combinations as well.. Superior sun protection. A must-have fashion accessory is the best and most effective sun protection. The wide brim blocks the sun’s rays protecting your face and neck..";"https://zoho-site.com/cdn/img/413699.jpg"
"2007-911";"Siena";"Hat";"7.65";"3831125008063";"Colour - Black";"2007-911-16794";"";"";"952";"Elegant summer hat Siena. A modern straw hat combines comfortable wearing and an attractive look for walking the hot summer streets or sunbathing on vacation.. Modern and complete protection from the sun's rays. The clever design provides excellent sun protection without disturbing your field of vision! It is also modern, practical and functional.. A trendy hat that suits everyone. Get ready for sunny days with this cool and quality hat! The unusual and trendy look of the hat will perfectly fit any face shape.. It adapts to each head. The hat is adjustable in size to fit any head circumference. It is easily and quickly adjusted with a rubber that is not visible during wearing.. Suitable for all outfits. It is ideal for walks on the sea and swimming on the beach. The romantic bow on the back gives it a more refined look, making it suitable for more elegant combinations as well.. Superior sun protection. A must-have fashion accessory is the best and most effective sun protection. The wide brim blocks the sun’s rays protecting your face and neck..";"https://zoho-site.com/cdn/img/413699.jpg"
"2418-911";"Whippy";"Clearance";"0.88";"3831125009282";"Colour - Pink";"2418-911-17981";"";"";"965";"";"https://zoho-site.com/cdn/img/728626.jpg"
"2418-911";"Whippy";"Clearance";"0.88";"3831125009299";"Colour - Blue";"2418-911-17982";"";"";"3086";"";"https://zoho-site.com/cdn/img/728626.jpg"
"2195-911";"MagnetiX";"Car";"3.8";"3831125000920";"";"2195-911";"";"";"4004";"MagnetiX - Magnetic phone holder. Combine elegance and practicality! The minimalist phone holder with two free self-adhesive strips will help you use your phone while driving and gives the interior of the car a modern look.. More flexibility, practicality and driving safety.. Using the phone weakens the focus while driving, which increases the risk of accidents! MagnetiX keeps your phone at your fingertips without blocking your view. Make phone calls, record or listen to music while driving safely.. Answer calls with 1 click. The revolutionary miniature vehicle accessory will allow you to drive safely. Thanks to powerful magnets and advanced glue, you will always have your hands free while driving.. 2 free self-adhesive tapes. Regardless of uneven roads and sharp turns, it will stay in place thanks to two free self-adhesive strips with a strong adhesive force. When removed, it will not damage the surfaces in your car.. A safe place for your phone. Super strong magnets will provide security to your phone while driving. MagnetiX The holder contains 8 magnets, so those bumpy roads, holes and fast driving won't be a problem.. Horizontal or vertical - it's your choice!. This innovative holder is specific in that it can be rotated 360 °. The solid metal ball joint gives you the ability to turn the phone to the position you want..";"https://zoho-site.com/cdn/img/677695.jpg"
"1804-911";"Alpaso";"Bag";"9.4";"3831125003709";"";"1804-911";"";"";"3955";"Alpaso - Bag for hip and waist. The tactical design of this bag is ingenious and allows you to keep all the important things at hand, without any load.. Perfect organization and practicality. A bag designed after the reputation of those used by special forces and marines. Keep your things perfectly organized so you can take them without searching and rummaging through the drawers.. Treasures safe from theft and water. Your money, cell phone, cards, keys will nowhere be as secure as the area between your waist and leg.. You don&#39;t have to take out your phone to use it. Keep everything that matters to you at your fingertips. The transparent compartment allows you to see who is calling or writing to you - without taking your cell phone out of your purse.. Attach it to the engine and keep an eye on it. Magnets are inserted in the back of the bag, so you can place it on the front of the motorcycle so that it is always in your eye.. Ideal for motorcyclists and all active men. She is adored by motorcyclists, cyclists and all lovers of active life who spend a lot of time outdoors..";"https://zoho-site.com/cdn/img/165913.jpg"
"1360-911";"Reppex";"Garden";"6.84";"3831125011575";"";"1360-911";"135";"245";"3935";"The easiest way to make a cut for grafting. With three types of blades it will make the perfect cut every time - quickly and effortlessly. It works on many types of plants, especially fruit trees.. Precisely cut stem. With very durable and strong blades, a powerful tool will work much better, last much longer and stay sharper than ordinary scissors.. Proper pruning every time - higher yields. Easy operation of the tool that helps you to carry out the work of pruning fruit trees in one go, increase the yield and quality of fruits!. Save your favorite fruits from decay. Don&#39;t let your favorite fruit wither too soon. Vaccine it in time and continue to enjoy its delicious fruits.. Harmless to plants and soil. It is made of safe materials that will not disturb the balance of the soil or organic cultivation of fruits and vegetables. Use it in your garden and orchard without worries..";"https://zoho-site.com/cdn/img/10165.jpg"
"2074-911";"Kitty";"Gadget";"9.92";"3831125004997";"Colour - White";"2074-911-16959";"";"";"3906";"Kitty - Trendy bluetooth headphones. Enjoy crystal clear music with these trendy headphones anytime, anywhere!. Unique design worthy of a trendsetter. These playful headphones will be chosen by all the girls who follow the trends. Decorate your ears like the world's biggest stars.. Incredibly clear sound. You'll listen to music like never before, thanks to high-definition sound reproduction technology. You will no longer amplify the sound to better understand the lyrics of the song.. A great fashion accessory. Spice up any outfit with these effective headphones. Combine them on jeans, dresses or leggings. They fit perfectly with everything!. No awkward squeezing around the ears. They are made to adapt to the shape of the head. It will not sting, squeeze or bother you on your head and ears. You can wear them all day without discomfort.. Long-term use. The flexible materials used in the construction make them resistant to frequent use. The battery can be recharged and will last for hours..";"https://zoho-site.com/cdn/img/446118.jpg"
"2248-911";"Myllard";"Perfume";"12.51";"3831125011209";"";"2248-911";"";"";"3527";"Exclusive set of fashion accessories - Myllard. A set of sophisticated fashion accessories for a luxurious look at all times! Materials: Eco leather, stainless steel, alloy. Top accessories for every combination. Combine this complete fashion trio! Irresistible perfume water, an elegant wallet and an elegant watch will fit perfectly into any combination.. A fragrance for men who like to smell good. Leave an irresistible impression on special occasions, and you can use it every day. Ideal for all variants, day or night, the intensity of the scent will remain constant at any time.. A wallet for modern gentlemen. An obligatory accessory that accompanies modern men is a modern wallet. This decent accessory will work completely effectively with your overall look.. An original style watch. Follow the latest trends with this unique watch. Manly and unique, it will make you a business man.. Loyal only to you in the long run. A perfume water with a luxurious scent, a wallet of incredible strength and a watch made like luxury watches will be loyal to you in the long run, thanks to its superior workmanship. Great value for money..";"https://zoho-site.com/cdn/img/672265.jpg"
"2165-911";"Wasento";"Car";"10.19";"3831125000883";"";"2165-911";"";"";"3441";"Wasento - Pillow for a motorcycle seat. Enhance your motorcycle experience in the short and long distances with the most comfortable pillow that supports your back and legs!. Mitigates various road shocks. You will not feel the vibrations of the engine or minor obstacles on the road thanks to its 3D airbags. The cushion mosaic has an antigravity effect that reduces any shocks while driving.. Restful body and during long rides. The support it provides to your back and legs will make you not feel discomfort and pain, even during hours and long journeys. Your body will have a better and more correct position.. Reduces the feeling of crashing on wild roads. The ergonomic cushion design alleviates the uncomfortable feeling of crashing and bouncing on crooked and uneven roads. The ride will be easy and pleasant, like on the flattest city asphalt.. Without excessive sweating and feeling hot. The design and material of the pillow allow for airiness and prevent excessive sweating. You will not feel heat and sweat on your body or in leather pants!. Say goodbye to cramps and tingling. Improves body circulation during long and strenuous rides! Your weight will be evenly distributed so there is no extra pressure on your body..";"https://zoho-site.com/cdn/img/660665.jpg"
"2416-911";"Holdy";"Hardware";"2.36";"3831125001934";"";"2416-911";"";"";"3419";"Holdy – Universal silicone shower head holder. Easily adapts the shower head to showering, washing hair, bathing a child or pets ... With the help of a silicone holder you can fix the shower on any surface you want!. Make showering, bathing and washing easier. Using a vacuum, adjust the shower to the height that suits you best. The easy adjustability of the shower will make bathing a real pleasure.. Fits most showers. The shower holder is made of flexible silicone and is easy to remove and install. It is compatible with most shower handles.. Attach it anywhere. Seven vacuum feet allow fixing on different surfaces: on glass, tiles, marble and other smooth surfaces. You can simply move it to another location.. Installation without drilling the walls. You will not need additional tools, nor will you damage the surface of the tiles in your bathroom. The holder is simply attached using vacuum feet.. More thorough and easier bathing. Now with both hands you will be able to lather well and wash your hair, your pet&#39;s or your child&#39;s. The shower head stays in place, while your hands will be free to scrub your hair thoroughly and apply shampoo..";"https://zoho-site.com/cdn/img/729354.jpg"
"3016-911";"Donnela - La Donna X";"Beauty";"4.1";"3831125010226";"";"3016-911";"";"";"3419";"Irresistible scent Donnela - La Donna X. Breezy citrus notes will keep you fresh all day, while the high notes of jasmine will awake your gracious femininity. Quantity: 100 ml. A scent that will make you recognizable. This is the scent that will become your mark! With its unforgettable notes, you will be recognizable wherever you go.. A perfect formula of enchanting notes that lasts long. A long-lasting fragrance created by the world`s top artists leaves a pleasant feel on your skin. Wear it all day, and it will remain the same intensity.. Be the main character everywhere. Your friends will constantly keep asking you where did you buy this scent, and people all around will be delighted. Wear it all day and impress everyone around you!. Suitable for any occasion. Whether you go to the office, night out, or on a romantic date, this scent completes each style. Keep the secret of your signature look in this bottle.. Feel special every time you wear it. Whenever you decide to wear this enticing fragrance, you will feel like you are going to a special event. Make every moment important..";"https://zoho-site.com/cdn/img/1656333.jpg"
